Cycle,Time,Traditional Scenario,Num Autonomous Bikes,Autonomous Bikes Battery Life,AB PickUp Speed,Num Cars,Agent,Station,Start Time,End Time,Duration (min),Start Battery %,End Battery %,Battery Gain %
41108,22:50:16,false,330,65000.0,3.888888888888889,0,autonomousBike150,chargingStation[65],19:24:22,22:50:16,205.9,23.750326877898672,100.0,76.24967312210134
42162,23:25:24,false,330,65000.0,3.888888888888889,0,autonomousBike328,chargingStation[46],19:57:00,23:25:24,208.4,22.82120435247551,100.0,77.1787956475245
42220,23:27:20,false,330,65000.0,3.888888888888889,0,autonomousBike228,chargingStation[2],20:02:40,23:27:20,204.66666666666666,24.200079215354872,100.0,75.79992078464512
42417,23:33:54,false,330,65000.0,3.888888888888889,0,autonomousBike250,chargingStation[70],20:00:56,23:33:54,212.96666666666667,21.12539139376163,100.0,78.87460860623837
42558,23:38:36,false,330,65000.0,3.888888888888889,0,autonomousBike68,chargingStation[26],20:09:06,23:38:36,209.5,22.41624116373818,100.0,77.58375883626182
42637,23:41:14,false,330,65000.0,3.888888888888889,0,autonomousBike2,chargingStation[47],20:15:16,23:41:14,205.96666666666667,23.716104719047244,100.0,76.28389528095275
43090,23:56:20,false,330,65000.0,3.888888888888889,0,autonomousBike252,chargingStation[29],20:26:10,23:56:20,210.16666666666666,22.16873464275844,100.0,77.83126535724155
