Cycle,Time,Traditional Scenario,Num Autonomous Bikes,Autonomous Bikes Battery Life,AB PickUp Speed,Num Cars,Agent,Station,Start Time,End Time,Duration (min),Start Battery %,End Battery %,Battery Gain %
41396,22:59:52,false,310,65000.0,3.888888888888889,0,autonomousBike15,chargingStation[65],19:21:16,22:59:52,218.6,19.03869108244837,100.0,80.96130891755163
41965,23:18:50,false,310,65000.0,3.888888888888889,0,autonomousBike307,chargingStation[47],19:52:18,23:18:50,206.53333333333333,23.517703646232476,100.0,76.48229635376752
42366,23:32:12,false,310,65000.0,3.888888888888889,0,autonomousBike109,chargingStation[12],20:04:54,23:32:12,207.3,23.222925924546086,100.0,76.77707407545391
42987,23:52:54,false,310,65000.0,3.888888888888889,0,autonomousBike72,chargingStation[29],20:25:16,23:52:54,207.63333333333333,23.10924300043882,100.0,76.89075699956118
