Cycle,Time,Traditional Scenario,Num Autonomous Bikes,Autonomous Bikes Battery Life,AB PickUp Speed,Num Cars,Agent,Station,Start Time,End Time,Duration (min),Start Battery %,End Battery %,Battery Gain %
40730,22:37:40,false,280,65000.0,3.0555555555555554,0,autonomousBike266,chargingStation[12],19:10:02,22:37:40,207.63333333333333,23.10604096584497,100.0,76.89395903415503
41605,23:06:50,false,280,65000.0,3.0555555555555554,0,autonomousBike277,chargingStation[72],19:39:12,23:06:50,207.63333333333333,23.104353948393275,100.0,76.89564605160672
41730,23:11:00,false,280,65000.0,3.0555555555555554,0,autonomousBike191,chargingStation[60],19:47:08,23:11:00,203.86666666666667,24.498836161123087,100.0,75.5011638388769
41771,23:12:22,false,280,65000.0,3.0555555555555554,0,autonomousBike149,chargingStation[33],19:49:36,23:12:22,202.76666666666668,24.90880397077667,100.0,75.09119602922331
41980,23:19:20,false,280,65000.0,3.0555555555555554,0,autonomousBike111,chargingStation[61],19:42:26,23:19:20,216.9,19.66678739454199,100.0,80.33321260545802
42289,23:29:38,false,280,65000.0,3.0555555555555554,0,autonomousBike55,chargingStation[46],20:03:50,23:29:38,205.8,23.784057821087217,100.0,76.21594217891278
42522,23:37:24,false,280,65000.0,3.0555555555555554,0,autonomousBike43,chargingStation[5],20:12:00,23:37:24,205.4,23.926410863013654,100.0,76.07358913698634
43121,23:57:22,false,280,65000.0,3.0555555555555554,0,autonomousBike41,chargingStation[29],20:27:16,23:57:22,210.1,22.196352992610223,100.0,77.80364700738977
