Cycle,Time,Traditional Scenario,Num Autonomous Bikes,Autonomous Bikes Battery Life,AB PickUp Speed,Num Cars,Agent,Station,Start Time,End Time,Duration (min),Start Battery %,End Battery %,Battery Gain %
42258,23:28:36,false,320,65000.0,2.2222222222222223,0,autonomousBike94,chargingStation[38],20:02:06,23:28:36,206.5,23.520499562810727,100.0,76.47950043718927
42378,23:32:36,false,320,65000.0,2.2222222222222223,0,autonomousBike240,chargingStation[14],20:07:58,23:32:36,204.63333333333333,24.216555546123196,100.0,75.7834444538768
42692,23:43:04,false,320,65000.0,2.2222222222222223,0,autonomousBike130,chargingStation[47],20:17:10,23:43:04,205.9,23.749143325263468,100.0,76.25085667473654
43161,23:58:42,false,320,65000.0,2.2222222222222223,0,autonomousBike287,chargingStation[1],20:25:30,23:58:42,213.2,21.04080424462577,100.0,78.95919575537422
