Cycle,Time,Traditional Scenario,Num Autonomous Bikes,Autonomous Bikes Battery Life,AB PickUp Speed,Num Cars,Agent,Station,Start Time,End Time,Duration (min),Start Battery %,End Battery %,Battery Gain %
41505,23:03:30,false,320,65000.0,3.0555555555555554,0,autonomousBike189,chargingStation[11],19:38:00,23:03:30,205.5,23.89761593662705,100.0,76.10238406337295
41892,23:16:24,false,320,65000.0,3.0555555555555554,0,autonomousBike289,chargingStation[44],19:42:12,23:16:24,214.2,20.674316353185144,100.0,79.32568364681487
42552,23:38:24,false,320,65000.0,3.0555555555555554,0,autonomousBike99,chargingStation[1],20:03:40,23:38:24,214.73333333333332,20.474919346243965,100.0,79.52508065375604
42583,23:39:26,false,320,65000.0,3.0555555555555554,0,autonomousBike35,chargingStation[37],20:12:22,23:39:26,207.06666666666666,23.31147933588693,100.0,76.68852066411307
42600,23:40:00,false,320,65000.0,3.0555555555555554,0,autonomousBike48,chargingStation[19],20:12:46,23:40:00,207.23333333333332,23.258190875000516,100.0,76.74180912499948
42866,23:48:52,false,320,65000.0,3.0555555555555554,0,autonomousBike23,chargingStation[60],20:25:10,23:48:52,203.7,24.565784535414167,100.0,75.43421546458583
43164,23:58:48,false,320,65000.0,3.0555555555555554,0,autonomousBike47,chargingStation[30],20:34:30,23:58:48,204.3,24.336534666943397,100.0,75.6634653330566
