Cycle,Time,Traditional Scenario,Num Autonomous Bikes,Autonomous Bikes Battery Life,AB PickUp Speed,Num Cars,Agent,Station,Start Time,End Time,Duration (min),Start Battery %,End Battery %,Battery Gain %
42578,23:39:16,false,310,65000.0,2.2222222222222223,0,autonomousBike295,chargingStation[35],20:11:22,23:39:16,207.9,23.010155180140526,100.0,76.98984481985947
42734,23:44:28,false,310,65000.0,2.2222222222222223,0,autonomousBike183,chargingStation[12],20:09:20,23:44:28,215.13333333333333,20.321362670222488,100.0,79.67863732977752
43084,23:56:08,false,310,65000.0,2.2222222222222223,0,autonomousBike116,chargingStation[1],20:25:30,23:56:08,210.63333333333333,21.99511128214617,100.0,78.00488871785383
