Cycle,Time,Traditional Scenario,Num Autonomous Bikes,Autonomous Bikes Battery Life,AB PickUp Speed,Num Cars,Agent,Station,Start Time,End Time,Duration (min),Start Battery %,End Battery %,Battery Gain %
41203,22:53:26,false,330,65000.0,3.0555555555555554,0,autonomousBike81,chargingStation[30],19:28:00,22:53:26,205.43333333333334,23.925218073298435,100.0,76.07478192670156
41745,23:11:30,false,330,65000.0,3.0555555555555554,0,autonomousBike278,chargingStation[44],19:42:42,23:11:30,208.8,22.67620720047272,100.0,77.32379279952728
41992,23:19:44,false,330,65000.0,3.0555555555555554,0,autonomousBike224,chargingStation[35],19:54:14,23:19:44,205.5,23.897870072043816,100.0,76.10212992795617
42092,23:23:04,false,330,65000.0,3.0555555555555554,0,autonomousBike36,chargingStation[18],19:58:24,23:23:04,204.66666666666666,24.205824715799583,100.0,75.79417528420042
42402,23:33:24,false,330,65000.0,3.0555555555555554,0,autonomousBike239,chargingStation[1],20:06:56,23:33:24,206.46666666666667,23.537895685837718,100.0,76.46210431416229
42634,23:41:08,false,330,65000.0,3.0555555555555554,0,autonomousBike231,chargingStation[19],20:14:42,23:41:08,206.43333333333334,23.554338643247064,100.0,76.44566135675294
42754,23:45:08,false,330,65000.0,3.0555555555555554,0,autonomousBike168,chargingStation[5],20:19:08,23:45:08,206.0,23.712264650864146,100.0,76.28773534913586
