Cycle,Time,Traditional Scenario,Num Autonomous Bikes,Autonomous Bikes Battery Life,AB PickUp Speed,Num Cars,Agent,Station,Start Time,End Time,Duration (min),Start Battery %,End Battery %,Battery Gain %
40378,22:25:56,false,300,65000.0,2.2222222222222223,0,autonomousBike253,chargingStation[40],18:56:46,22:25:56,209.16666666666666,22.540794667194206,100.0,77.45920533280581
41566,23:05:32,false,300,65000.0,2.2222222222222223,0,autonomousBike149,chargingStation[11],19:39:34,23:05:32,205.96666666666667,23.725228737909767,100.0,76.27477126209023
42667,23:42:14,false,300,65000.0,2.2222222222222223,0,autonomousBike217,chargingStation[41],20:17:12,23:42:14,205.03333333333333,24.071373783691396,100.0,75.9286262163086
42699,23:43:18,false,300,65000.0,2.2222222222222223,0,autonomousBike215,chargingStation[47],20:17:24,23:43:18,205.9,23.750242055643984,100.0,76.24975794435602
42740,23:44:40,false,300,65000.0,2.2222222222222223,0,autonomousBike229,chargingStation[29],20:20:08,23:44:40,204.53333333333333,24.25668867776873,100.0,75.74331132223126
43024,23:54:08,false,300,65000.0,2.2222222222222223,0,autonomousBike172,chargingStation[1],20:27:06,23:54:08,207.03333333333333,23.32646180207548,100.0,76.67353819792451
