Cycle,Time,Traditional Scenario,Num Autonomous Bikes,Autonomous Bikes Battery Life,AB PickUp Speed,Num Cars,Agent,Station,Start Time,End Time,Duration (min),Start Battery %,End Battery %,Battery Gain %
42007,23:20:14,false,280,65000.0,2.2222222222222223,0,autonomousBike60,chargingStation[3],19:53:24,23:20:14,206.83333333333334,23.402993426265883,100.0,76.59700657373412
42794,23:46:28,false,280,65000.0,2.2222222222222223,0,autonomousBike56,chargingStation[56],20:20:30,23:46:28,205.96666666666667,23.718846807683363,100.0,76.28115319231664
42814,23:47:08,false,280,65000.0,2.2222222222222223,0,autonomousBike170,chargingStation[37],20:17:26,23:47:08,209.7,22.345104750352046,100.0,77.65489524964795
42857,23:48:34,false,280,65000.0,2.2222222222222223,0,autonomousBike201,chargingStation[64],20:20:12,23:48:34,208.36666666666667,22.83567265119892,100.0,77.16432734880108
43101,23:56:42,false,280,65000.0,2.2222222222222223,0,autonomousBike272,chargingStation[44],20:28:26,23:56:42,208.26666666666668,22.875625534224582,100.0,77.12437446577542
43186,23:59:32,false,280,65000.0,2.2222222222222223,0,autonomousBike72,chargingStation[74],20:35:26,23:59:32,204.1,24.414285441625193,100.0,75.5857145583748
